#{"t_start": 1765568945.3712, "env_id": "None"}
r,l,t
0.0,576,65.780304
0.0,576,128.572769
